[{"pk": 2, "model": "usginvalid.ruleset", "fields": {"rules": [12, 13, 38, 34, 36, 32, 46, 44, 40, 42, 54, 50, 52, 48, 30, 24, 57, 61, 59, 63, 65, 10, 14, 15, 16, 23, 11, 19, 20, 17, 18, 25, 26, 27], "name": "USGIN Minimum Metadata Set", "purpose": "Provides bare-minimum validation for USGIN-profile metadata records"}}, {"pk": 47, "model": "usginvalid.rule", "fields": {"regex": "", "name": "Abstract exists for Dataset", "condition_rule": null, "values": null, "requirement_rule": null, "type": "ExistsRule", "description": "For use in conditional rule: Dataset must have an abstract"}}, {"pk": 37, "model": "usginvalid.rule", "fields": {"regex": "^[1-2][0-9]{3}-[0-1][0-9]-[0-3][0-9]T[0-1][0-9]:[0-6][0-9]:[0-6][0-9]$", "name": "CI_Citation DateTime for Dataset is Valid", "condition_rule": null, "values": null, "requirement_rule": null, "type": "ContentMatchesExpressionRule", "description": "For use in conditional rule: Dataset CI_Citations DateTime must be an ISO 8601 formatted string"}}, {"pk": 33, "model": "usginvalid.rule", "fields": {"regex": "", "name": "CI_Citation DateTypeCode codeList for Dataset is valid", "condition_rule": null, "values": 12, "requirement_rule": null, "type": "ValueInListRule", "description": "For use in conditional rule: Dataset CI_Citations DateTypeCode codeList must be defined"}}, {"pk": 35, "model": "usginvalid.rule", "fields": {"regex": "", "name": "CI_Citation DateTypeCode codeListValue for Dataset is valid", "condition_rule": null, "values": 13, "requirement_rule": null, "type": "ValueInListRule", "description": "For use in conditional rule: Dataset CI_Citations DateTypeCode codeListValue must be defined"}}, {"pk": 43, "model": "usginvalid.rule", "fields": {"regex": "", "name": "CI_Citation RoleCode codeList for Dataset is valid", "condition_rule": null, "values": 8, "requirement_rule": null, "type": "ValueInListRule", "description": "For use in conditional rule: Dataset CI_Citations RoleCode codeList is valid"}}, {"pk": 45, "model": "usginvalid.rule", "fields": {"regex": "", "name": "CI_Citation RoleCode codeListValue for Dataset is valid", "condition_rule": null, "values": 9, "requirement_rule": null, "type": "ValueInListRule", "description": "For use in conditional rule: Dataset CI_Citations RoleCode codeListValue is valid"}}, {"pk": 29, "model": "usginvalid.rule", "fields": {"regex": "", "name": "CI_Citation in Dataset Identification", "condition_rule": null, "values": null, "requirement_rule": null, "type": "ExistsRule", "description": "For use in conditional rule: Datasets require CI_Citation"}}, {"pk": 31, "model": "usginvalid.rule", "fields": {"regex": "", "name": "CI_Citation in Dataset Requires a Title", "condition_rule": null, "values": null, "requirement_rule": null, "type": "ExistsRule", "description": "For use in conditional rule: Dataset CI_Citations require a title"}}, {"pk": 12, "model": "usginvalid.rule", "fields": {"regex": "", "name": "CharacterSetCode codeList is Valid", "condition_rule": null, "values": 6, "requirement_rule": null, "type": "ValueInListRule", "description": "Checks that the CharacterSetCode attrribute codeList is correct"}}, {"pk": 13, "model": "usginvalid.rule", "fields": {"regex": "", "name": "CharacterSetCode codeListValue is Valid", "condition_rule": null, "values": 3, "requirement_rule": null, "type": "ValueInListRule", "description": "Checks that the CharacterSetCode attrribute codeListValue is correct"}}, {"pk": 38, "model": "usginvalid.rule", "fields": {"regex": "", "name": "Dataset CI_Citation DateTime Looks Like ISO", "condition_rule": 28, "values": null, "requirement_rule": 37, "type": "ConditionalRule", "description": "Dataset CI_Citations DateTime must be an ISO 8601 formatted string"}}, {"pk": 34, "model": "usginvalid.rule", "fields": {"regex": "", "name": "Dataset CI_Citation DateTypeCode codeList is valid", "condition_rule": 28, "values": null, "requirement_rule": 33, "type": "ConditionalRule", "description": "Dataset CI_Citations DateTypeCode codeList is correct"}}, {"pk": 36, "model": "usginvalid.rule", "fields": {"regex": "", "name": "Dataset CI_Citation DateTypeCode codeListValue is valid", "condition_rule": 28, "values": null, "requirement_rule": 35, "type": "ConditionalRule", "description": "Dataset CI_Citations DateTypeCode codeListValue is correct"}}, {"pk": 32, "model": "usginvalid.rule", "fields": {"regex": "", "name": "Dataset CI_Citation Requires a Title", "condition_rule": 28, "values": null, "requirement_rule": 31, "type": "ConditionalRule", "description": "Checks that Dataset CI_Citations have a title"}}, {"pk": 46, "model": "usginvalid.rule", "fields": {"regex": "", "name": "Dataset CI_Citation RoleCode codeLisValue is valid", "condition_rule": 28, "values": null, "requirement_rule": 45, "type": "ConditionalRule", "description": "For a Dataset: Checks that CI_Citations RoleCode codeListValue is valid"}}, {"pk": 44, "model": "usginvalid.rule", "fields": {"regex": "", "name": "Dataset CI_Citation RoleCode codeList is valid", "condition_rule": 28, "values": null, "requirement_rule": 43, "type": "ConditionalRule", "description": "For a Dataset: Checks that CI_Citations RoleCode codeList is valid"}}, {"pk": 40, "model": "usginvalid.rule", "fields": {"regex": "", "name": "Dataset Intellectual Contact must have a named entity", "condition_rule": 28, "values": null, "requirement_rule": 39, "type": "ConditionalRule", "description": "For a Dataset: Checks that Resource contact has at least one of: individualName, organisationName, postionName"}}, {"pk": 42, "model": "usginvalid.rule", "fields": {"regex": "", "name": "Dataset Intellectual Contact must have a some Contact Info", "condition_rule": 28, "values": null, "requirement_rule": 39, "type": "ConditionalRule", "description": "For a Dataset: Checks that Resource contact has at least one of: phone, deliveryPoint, email"}}, {"pk": 54, "model": "usginvalid.rule", "fields": {"regex": "", "name": "Dataset Resource Language Code is Valid", "condition_rule": 28, "values": null, "requirement_rule": 53, "type": "ConditionalRule", "description": "For a Dataset: Checks that Resource Language Code is a valid ISO639-2 three-letter code"}}, {"pk": 50, "model": "usginvalid.rule", "fields": {"regex": "", "name": "Dataset Status codeList is valid", "condition_rule": 28, "values": null, "requirement_rule": 49, "type": "ConditionalRule", "description": "For a Dataset: Checks that Status codeList is valid"}}, {"pk": 52, "model": "usginvalid.rule", "fields": {"regex": "", "name": "Dataset Status codeListValue is valid", "condition_rule": 28, "values": null, "requirement_rule": 51, "type": "ConditionalRule", "description": "For a Dataset: Checks that Status codeListValue is valid"}}, {"pk": 48, "model": "usginvalid.rule", "fields": {"regex": "", "name": "Dataset has an Abstract", "condition_rule": 28, "values": null, "requirement_rule": 47, "type": "ConditionalRule", "description": "For a Dataset: Checks that an abstract is present"}}, {"pk": 30, "model": "usginvalid.rule", "fields": {"regex": "", "name": "Datasets must contain a CI_Citation", "condition_rule": 28, "values": null, "requirement_rule": 29, "type": "ConditionalRule", "description": "Checks that dataset records contain a CI_Citation"}}, {"pk": 24, "model": "usginvalid.rule", "fields": {"regex": "^[1-2][0-9]{3}-[0-1][0-9]-[0-3][0-9]T[0-1][0-9]:[0-6][0-9]:[0-6][0-9]$", "name": "DateStamp looks like an ISO date", "condition_rule": null, "values": null, "requirement_rule": null, "type": "ContentMatchesExpressionRule", "description": "Checks that the DateStamp looks like an ISO-style datetime"}}, {"pk": 56, "model": "usginvalid.rule", "fields": {"regex": "", "name": "Distribution Format is Included", "condition_rule": null, "values": null, "requirement_rule": null, "type": "ExistsRule", "description": "For use in conditional rule: When distribution information is present, a distribution format is required"}}, {"pk": 55, "model": "usginvalid.rule", "fields": {"regex": "", "name": "Distribution Information is Included", "condition_rule": null, "values": null, "requirement_rule": null, "type": "ExistsRule", "description": "For use in conditional rules: Checks MD_Distribution is present"}}, {"pk": 57, "model": "usginvalid.rule", "fields": {"regex": "", "name": "Distribution Information requires Distribution Format", "condition_rule": 55, "values": null, "requirement_rule": 56, "type": "ConditionalRule", "description": "Checks that when distribution information is present, a distribution format is present"}}, {"pk": 61, "model": "usginvalid.rule", "fields": {"regex": "", "name": "Distribution Information requires Distributor with Named Entity", "condition_rule": 55, "values": null, "requirement_rule": 60, "type": "ConditionalRule", "description": "Checks that when distribution information is present, a distributor is present with a named entity"}}, {"pk": 59, "model": "usginvalid.rule", "fields": {"regex": "", "name": "Distribution Information requires Transfer Options", "condition_rule": 55, "values": null, "requirement_rule": 58, "type": "ConditionalRule", "description": "Checks that when distribution information is present, transfer options are present"}}, {"pk": 63, "model": "usginvalid.rule", "fields": {"regex": "", "name": "Distribution Information requires that Distributor RoleCode codeList is Valid", "condition_rule": 55, "values": null, "requirement_rule": 62, "type": "ConditionalRule", "description": "Where Distribution info is present: Checks that distributor RoleCode codeList is valid"}}, {"pk": 65, "model": "usginvalid.rule", "fields": {"regex": "", "name": "Distribution Information requires that Distributor RoleCode codeListValue is valid", "condition_rule": 55, "values": null, "requirement_rule": 64, "type": "ConditionalRule", "description": "Where Distribution info is present: Checks that distributor RoleCode codeListValue is valid"}}, {"pk": 62, "model": "usginvalid.rule", "fields": {"regex": "", "name": "Distributor RoleCode codeList is valid", "condition_rule": null, "values": 8, "requirement_rule": null, "type": "ValueInListRule", "description": "For use in conditional rule: Distributor RoleCode codeList is valid"}}, {"pk": 64, "model": "usginvalid.rule", "fields": {"regex": "", "name": "Distributor RoleCode codeListValue is valid", "condition_rule": null, "values": 9, "requirement_rule": null, "type": "ValueInListRule", "description": "For use in conditional rule: Distributor RoleCode codeListValue is valid"}}, {"pk": 60, "model": "usginvalid.rule", "fields": {"regex": "", "name": "Distributor has a named Entity", "condition_rule": null, "values": null, "requirement_rule": null, "type": "AnyOfRule", "description": "For use in conditional rule: When distribution information is present, a distributor is required with a named entity"}}, {"pk": 10, "model": "usginvalid.rule", "fields": {"regex": "", "name": "Has File Identifier", "condition_rule": null, "values": null, "requirement_rule": null, "type": "ExistsRule", "description": "Checks that metadata hase a file identifier"}}, {"pk": 14, "model": "usginvalid.rule", "fields": {"regex": "", "name": "HierarchyLevel codeList is Valid", "condition_rule": null, "values": 7, "requirement_rule": null, "type": "ValueInListRule", "description": "Checks that the HierarchyLevel attrribute codeList is correct"}}, {"pk": 15, "model": "usginvalid.rule", "fields": {"regex": "", "name": "HierarchyLevel codeListValue is Valid", "condition_rule": null, "values": 4, "requirement_rule": null, "type": "ValueInListRule", "description": "Checks that the HierarchyLevel attrribute codeListValue is correct"}}, {"pk": 16, "model": "usginvalid.rule", "fields": {"regex": "", "name": "HierarchyLevelName is Valid", "condition_rule": null, "values": 5, "requirement_rule": null, "type": "ValueInListRule", "description": "Checks that the HierarchyLevelName value is valid"}}, {"pk": 21, "model": "usginvalid.rule", "fields": {"regex": "", "name": "Icon is labeled", "condition_rule": null, "values": 10, "requirement_rule": null, "type": "ValueInListRule", "description": "For use in conditional rule: Checks that an icon is present"}}, {"pk": 23, "model": "usginvalid.rule", "fields": {"regex": "", "name": "If Metadata Contact provides an Icon, a URL must be provided", "condition_rule": 21, "values": null, "requirement_rule": 22, "type": "ConditionalRule", "description": "Checks that where an Icon is listed, something looking like a URL is also provided"}}, {"pk": 39, "model": "usginvalid.rule", "fields": {"regex": "", "name": "Intellectual Contact for Dataset must have a named entity", "condition_rule": null, "values": null, "requirement_rule": null, "type": "AnyOfRule", "description": "For use in conditional rule: Checks that Intellectual contact has at least one of: individualName, organisationName, postionName"}}, {"pk": 41, "model": "usginvalid.rule", "fields": {"regex": "", "name": "Intellectual Contact for Dataset must have a some Contact Info", "condition_rule": null, "values": null, "requirement_rule": null, "type": "AnyOfRule", "description": "For use in conditional rule: Checks that Intellectual contact has at least one of: phone, deliveryPoint, email"}}, {"pk": 11, "model": "usginvalid.rule", "fields": {"regex": "", "name": "Language Code is Valid", "condition_rule": null, "values": 2, "requirement_rule": null, "type": "ValueInListRule", "description": "Checks that Language Code is a valid ISO639-2 three-letter code"}}, {"pk": 19, "model": "usginvalid.rule", "fields": {"regex": "", "name": "Metadata Contact Role codeList is Valid", "condition_rule": null, "values": 8, "requirement_rule": null, "type": "ValueInListRule", "description": "Checks that the Metadata Contact Role has a valid codeList value"}}, {"pk": 20, "model": "usginvalid.rule", "fields": {"regex": "", "name": "Metadata Contact Role codeListValue is Valid", "condition_rule": null, "values": 9, "requirement_rule": null, "type": "ValueInListRule", "description": "Checks that the Metadata Contact Role has a valid codeListValue value"}}, {"pk": 17, "model": "usginvalid.rule", "fields": {"regex": "", "name": "Metadata Contact must have a named entity", "condition_rule": null, "values": null, "requirement_rule": null, "type": "AnyOfRule", "description": "Checks that Metadata contact has at least one of: individualName, organisationName, positionName"}}, {"pk": 18, "model": "usginvalid.rule", "fields": {"regex": "^.+@.+\\..+$", "name": "Metadata Contact must have an email address", "condition_rule": null, "values": null, "requirement_rule": null, "type": "ContentMatchesExpressionRule", "description": "Checks that Metadata Contact contains something that looks like an email address"}}, {"pk": 25, "model": "usginvalid.rule", "fields": {"regex": "", "name": "Metadata Standard Name is identified", "condition_rule": null, "values": 11, "requirement_rule": null, "type": "ValueInListRule", "description": "Checks that the Metadata Standard Name identifies this record as ISO-NAP-USGIN"}}, {"pk": 26, "model": "usginvalid.rule", "fields": {"regex": "", "name": "Metadata Standard Version is identified", "condition_rule": null, "values": null, "requirement_rule": null, "type": "ExistsRule", "description": "Checks that the Metadata Standard Version is identified"}}, {"pk": 28, "model": "usginvalid.rule", "fields": {"regex": "", "name": "Record is a Dataset", "condition_rule": null, "values": null, "requirement_rule": null, "type": "ExistsRule", "description": "Checks that MD_DataIdentification is present"}}, {"pk": 27, "model": "usginvalid.rule", "fields": {"regex": "", "name": "Resource Identification is Required", "condition_rule": null, "values": null, "requirement_rule": null, "type": "AnyOfRule", "description": "At least one of MD_DataIdentification (dataset, dataset series) or SV_ServiceIdentification (service) is required"}}, {"pk": 53, "model": "usginvalid.rule", "fields": {"regex": "", "name": "Resource Language Code for Dataset is Valid", "condition_rule": null, "values": 2, "requirement_rule": null, "type": "ValueInListRule", "description": "For use in conditional: Checks that Dataset Resource Language Code is a valid ISO639-2 three-letter code"}}, {"pk": 49, "model": "usginvalid.rule", "fields": {"regex": "", "name": "Status codeList for Dataset is valid", "condition_rule": null, "values": 14, "requirement_rule": null, "type": "ValueInListRule", "description": "For use in conditional rule: Dataset Status codeList is valid"}}, {"pk": 51, "model": "usginvalid.rule", "fields": {"regex": "", "name": "Status codeListValue for Dataset is valid", "condition_rule": null, "values": 15, "requirement_rule": null, "type": "ValueInListRule", "description": "For use in conditional rule: Dataset Status codeListValue is valid"}}, {"pk": 58, "model": "usginvalid.rule", "fields": {"regex": "", "name": "Transfer Options are Included", "condition_rule": null, "values": null, "requirement_rule": null, "type": "ExistsRule", "description": "For use in conditional rule: When distribution information is present, a transfer options are required"}}, {"pk": 22, "model": "usginvalid.rule", "fields": {"regex": "^http://.+\\..+$", "name": "URL is required", "condition_rule": null, "values": null, "requirement_rule": null, "type": "ContentMatchesExpressionRule", "description": "For user in conditional rule: When icon is present, a URL is required"}}, {"pk": 8, "model": "usginvalid.xpath", "fields": {"xpath": "/gmd:MD_Metadata/gmd:fileIdentifier/gco:CharacterString", "rule": 10}}, {"pk": 9, "model": "usginvalid.xpath", "fields": {"xpath": "/gmd:MD_Metadata/gmd:language/gco:CharacterString", "rule": 11}}, {"pk": 11, "model": "usginvalid.xpath", "fields": {"xpath": "/gmd:MD_Metadata/gmd:characterSet/gmd:MD_CharacterSetCode/@codeListValue", "rule": 13}}, {"pk": 10, "model": "usginvalid.xpath", "fields": {"xpath": "/gmd:MD_Metadata/gmd:characterSet/gmd:MD_CharacterSetCode/@codeList", "rule": 12}}, {"pk": 12, "model": "usginvalid.xpath", "fields": {"xpath": "/gmd:MD_Metadata/gmd:hierarchyLevel/gmd:MD_ScopeCode/@codeList", "rule": 14}}, {"pk": 13, "model": "usginvalid.xpath", "fields": {"xpath": "/gmd:MD_Metadata/gmd:hierarchyLevel/gmd:MD_ScopeCode/@codeListValue", "rule": 15}}, {"pk": 14, "model": "usginvalid.xpath", "fields": {"xpath": "/gmd:MD_Metadata/gmd:hierarchyLevelName/gco:CharacterString", "rule": 16}}, {"pk": 15, "model": "usginvalid.xpath", "fields": {"xpath": "/gmd:MD_Metadata/gmd:contact/gmd:CI_ResponsibleParty/gmd:individualName/gco:CharacterString", "rule": 17}}, {"pk": 16, "model": "usginvalid.xpath", "fields": {"xpath": "/gmd:MD_Metadata/gmd:contact/gmd:CI_ResponsibleParty/gmd:organisationName/gco:CharacterString", "rule": 17}}, {"pk": 17, "model": "usginvalid.xpath", "fields": {"xpath": "/gmd:MD_Metadata/gmd:contact/gmd:CI_ResponsibleParty/gmd:positionName/gco:CharacterString", "rule": 17}}, {"pk": 18, "model": "usginvalid.xpath", "fields": {"xpath": "/gmd:MD_Metadata/gmd:contact/gmd:CI_ResponsibleParty/gmd:contactInfo/gmd:CI_Contact/gmd:address/gmd:CI_Address/gmd:electronicMailAddress/gco:CharacterString", "rule": 18}}, {"pk": 19, "model": "usginvalid.xpath", "fields": {"xpath": "/gmd:MD_Metadata/gmd:contact/gmd:CI_ResponsibleParty/gmd:role/gmd:CI_RoleCode/@codeList", "rule": 19}}, {"pk": 20, "model": "usginvalid.xpath", "fields": {"xpath": "/gmd:MD_Metadata/gmd:contact/gmd:CI_ResponsibleParty/gmd:role/gmd:CI_RoleCode/@codeListValue", "rule": 20}}, {"pk": 21, "model": "usginvalid.xpath", "fields": {"xpath": "/gmd:MD_Metadata/gmd:contact/gmd:CI_ResponsibleParty/gmd:contactInfo/gmd:CI_Contact/gmd:onlineResource/gmd:CI_OnlineResource/gmd:name/gco:CharacterString", "rule": 21}}, {"pk": 22, "model": "usginvalid.xpath", "fields": {"xpath": "/gmd:MD_Metadata/gmd:contact/gmd:CI_ResponsibleParty/gmd:contactInfo/gmd:CI_Contact/gmd:onlineResource/gmd:CI_OnlineResource/gmd:linkage/gmd:URL", "rule": 22}}, {"pk": 23, "model": "usginvalid.xpath", "fields": {"xpath": "/gmd:MD_Metadata/gmd:dateStamp/gco:DateTime", "rule": 24}}, {"pk": 24, "model": "usginvalid.xpath", "fields": {"xpath": "/gmd:MD_Metadata/gmd:metadataStandardName/gco:CharacterString", "rule": 25}}, {"pk": 25, "model": "usginvalid.xpath", "fields": {"xpath": "/gmd:MD_Metadata/gmd:metadataStandardVersion/gco:CharacterString", "rule": 26}}, {"pk": 26, "model": "usginvalid.xpath", "fields": {"xpath": "/gmd:MD_Metadata/gmd:identificationInfo/gmd:MD_DataIdentification", "rule": 27}}, {"pk": 27, "model": "usginvalid.xpath", "fields": {"xpath": "/gmd:MD_Metadata/gmd:identificationInfo/gmd:SV_ServiceIdentification", "rule": 27}}, {"pk": 28, "model": "usginvalid.xpath", "fields": {"xpath": "/gmd:MD_Metadata/gmd:identificationInfo/gmd:MD_DataIdentification", "rule": 28}}, {"pk": 29, "model": "usginvalid.xpath", "fields": {"xpath": "/gmd:MD_Metadata/gmd:identificationInfo/gmd:MD_DataIdentification/gmd:citation/gmd:CI_Citation", "rule": 29}}, {"pk": 30, "model": "usginvalid.xpath", "fields": {"xpath": "/gmd:MD_Metadata/gmd:identificationInfo/gmd:MD_DataIdentification/gmd:citation/gmd:CI_Citation/gmd:title/gco:CharacterString", "rule": 31}}, {"pk": 31, "model": "usginvalid.xpath", "fields": {"xpath": "/gmd:MD_Metadata/gmd:identificationInfo/gmd:MD_DataIdentification/gmd:citation/gmd:CI_Citation/gmd:date/gmd:CI_Date/gmd:dateType/gmd:CI_DateTypeCode/@codeList", "rule": 33}}, {"pk": 32, "model": "usginvalid.xpath", "fields": {"xpath": "/gmd:MD_Metadata/gmd:identificationInfo/gmd:MD_DataIdentification/gmd:citation/gmd:CI_Citation/gmd:date/gmd:CI_Date/gmd:dateType/gmd:CI_DateTypeCode/@codeListValue", "rule": 35}}, {"pk": 33, "model": "usginvalid.xpath", "fields": {"xpath": "/gmd:MD_Metadata/gmd:identificationInfo/gmd:MD_DataIdentification/gmd:citation/gmd:CI_Citation/gmd:date/gmd:CI_Date/gmd:date/gco:DateTime", "rule": 37}}, {"pk": 34, "model": "usginvalid.xpath", "fields": {"xpath": "/gmd:MD_Metadata/gmd:identificationInfo/gmd:MD_DataIdentification/gmd:citation/gmd:CI_Citation/gmd:citedResponsibleParty/gmd:CI_ResponsibleParty/gmd:individualName/gco:CharacterString", "rule": 39}}, {"pk": 35, "model": "usginvalid.xpath", "fields": {"xpath": "/gmd:MD_Metadata/gmd:identificationInfo/gmd:MD_DataIdentification/gmd:citation/gmd:CI_Citation/gmd:citedResponsibleParty/gmd:CI_ResponsibleParty/gmd:organisationName/gco:CharacterString", "rule": 39}}, {"pk": 36, "model": "usginvalid.xpath", "fields": {"xpath": "/gmd:MD_Metadata/gmd:identificationInfo/gmd:MD_DataIdentification/gmd:citation/gmd:CI_Citation/gmd:citedResponsibleParty/gmd:CI_ResponsibleParty/gmd:positionName/gco:CharacterString", "rule": 39}}, {"pk": 37, "model": "usginvalid.xpath", "fields": {"xpath": "/gmd:MD_Metadata/gmd:identificationInfo/gmd:MD_DataIdentification/gmd:citation/gmd:CI_Citation/gmd:citedResponsibleParty/gmd:CI_ResponsibleParty/gmd:contactInfo/gmd:CI_Contact/gmd:phone/gmd:CI_Telephone/gmd:voice/gco:CharacterString", "rule": 41}}, {"pk": 38, "model": "usginvalid.xpath", "fields": {"xpath": "/gmd:MD_Metadata/gmd:identificationInfo/gmd:MD_DataIdentification/gmd:citation/gmd:CI_Citation/gmd:citedResponsibleParty/gmd:CI_ResponsibleParty/gmd:contactInfo/gmd:CI_Contact/gmd:address/gmd:CI_Address/gmd:deliveryPoint/gco:CharacterString", "rule": 41}}, {"pk": 39, "model": "usginvalid.xpath", "fields": {"xpath": "/gmd:MD_Metadata/gmd:identificationInfo/gmd:MD_DataIdentification/gmd:citation/gmd:CI_Citation/gmd:citedResponsibleParty/gmd:CI_ResponsibleParty/gmd:contactInfo/gmd:CI_Contact/gmd:address/gmd:CI_Address/gmd:electronicMailAddress/gco:CharacterString", "rule": 41}}, {"pk": 40, "model": "usginvalid.xpath", "fields": {"xpath": "/gmd:MD_Metadata/gmd:identificationInfo/gmd:MD_DataIdentification/gmd:citation/gmd:CI_Citation/gmd:citedResponsibleParty/gmd:CI_ResponsibleParty/gmd:role/gmd:CI_RoleCode/@codeList", "rule": 43}}, {"pk": 41, "model": "usginvalid.xpath", "fields": {"xpath": "/gmd:MD_Metadata/gmd:identificationInfo/gmd:MD_DataIdentification/gmd:citation/gmd:CI_Citation/gmd:citedResponsibleParty/gmd:CI_ResponsibleParty/gmd:role/gmd:CI_RoleCode/@codeListValue", "rule": 45}}, {"pk": 42, "model": "usginvalid.xpath", "fields": {"xpath": "/gmd:MD_Metadata/gmd:identificationInfo/gmd:MD_DataIdentification/gmd:abstract/gco:CharacterString", "rule": 47}}, {"pk": 43, "model": "usginvalid.xpath", "fields": {"xpath": "/gmd:MD_Metadata/gmd:identificationInfo/gmd:MD_DataIdentification/gmd:status/gmd:MD_ProgressCode/@codeList", "rule": 49}}, {"pk": 44, "model": "usginvalid.xpath", "fields": {"xpath": "/gmd:MD_Metadata/gmd:identificationInfo/gmd:MD_DataIdentification/gmd:status/gmd:MD_ProgressCode/@codeListValue", "rule": 51}}, {"pk": 45, "model": "usginvalid.xpath", "fields": {"xpath": "/gmd:MD_Metadata/gmd:identificationInfo/gmd:MD_DataIdentification/gmd:language/gco:CharacterString", "rule": 53}}, {"pk": 46, "model": "usginvalid.xpath", "fields": {"xpath": "/gmd:MD_Metadata/gmd:distributionInfo/gmd:MD_Distribution", "rule": 55}}, {"pk": 47, "model": "usginvalid.xpath", "fields": {"xpath": "/gmd:MD_Metadata/gmd:distributionInfo/gmd:MD_Distribution/gmd:distributionFormat", "rule": 56}}, {"pk": 48, "model": "usginvalid.xpath", "fields": {"xpath": "/gmd:MD_Metadata/gmd:distributionInfo/gmd:MD_Distribution/gmd:transferOptions", "rule": 58}}, {"pk": 49, "model": "usginvalid.xpath", "fields": {"xpath": "/gmd:MD_Metadata/gmd:distributionInfo/gmd:MD_Distribution/gmd:distributor/gmd:MD_Distributor/gmd:distributorContact/gmd:CI_ResponsibleParty/gmd:individualName", "rule": 60}}, {"pk": 50, "model": "usginvalid.xpath", "fields": {"xpath": "/gmd:MD_Metadata/gmd:distributionInfo/gmd:MD_Distribution/gmd:distributor/gmd:MD_Distributor/gmd:distributorContact/gmd:CI_ResponsibleParty/gmd:organisationName", "rule": 60}}, {"pk": 51, "model": "usginvalid.xpath", "fields": {"xpath": "/gmd:MD_Metadata/gmd:distributionInfo/gmd:MD_Distribution/gmd:distributor/gmd:MD_Distributor/gmd:distributorContact/gmd:CI_ResponsibleParty/gmd:positionName", "rule": 60}}, {"pk": 52, "model": "usginvalid.xpath", "fields": {"xpath": "/gmd:MD_Metadata/gmd:distributionInfo/gmd:MD_Distribution/gmd:distributor/gmd:MD_Distributor/gmd:distributorContact/gmd:CI_ResponsibleParty/gmd:role/gmd:CI_RoleCode/@codeList", "rule": 62}}, {"pk": 53, "model": "usginvalid.xpath", "fields": {"xpath": "/gmd:MD_Metadata/gmd:distributionInfo/gmd:MD_Distribution/gmd:distributor/gmd:MD_Distributor/gmd:distributorContact/gmd:CI_ResponsibleParty/gmd:role/gmd:CI_RoleCode/@codeListValue", "rule": 64}}, {"pk": 3, "model": "usginvalid.validvaluesset", "fields": {"name": "Character Set Codes"}}, {"pk": 6, "model": "usginvalid.validvaluesset", "fields": {"name": "CharacterSetCode codeList"}}, {"pk": 13, "model": "usginvalid.validvaluesset", "fields": {"name": "Citation DateType Codes"}}, {"pk": 12, "model": "usginvalid.validvaluesset", "fields": {"name": "Citation DateType codeList"}}, {"pk": 10, "model": "usginvalid.validvaluesset", "fields": {"name": "Contact Icon Kludge"}}, {"pk": 8, "model": "usginvalid.validvaluesset", "fields": {"name": "Contact Role codeList"}}, {"pk": 7, "model": "usginvalid.validvaluesset", "fields": {"name": "HierarchyLevel codeList"}}, {"pk": 2, "model": "usginvalid.validvaluesset", "fields": {"name": "ISO639-2/T Three-Letter Language Codes"}}, {"pk": 11, "model": "usginvalid.validvaluesset", "fields": {"name": "Metadata Standard Name (USGIN)"}}, {"pk": 5, "model": "usginvalid.validvaluesset", "fields": {"name": "Resource Hierarchy Level Names"}}, {"pk": 9, "model": "usginvalid.validvaluesset", "fields": {"name": "Responsible Party Role Codes"}}, {"pk": 4, "model": "usginvalid.validvaluesset", "fields": {"name": "Scope Codes (HierarchyLevel)"}}, {"pk": 15, "model": "usginvalid.validvaluesset", "fields": {"name": "Status (ProgressCode) Codes"}}, {"pk": 14, "model": "usginvalid.validvaluesset", "fields": {"name": "Status (ProgressCode) codeList"}}, {"pk": 478, "model": "usginvalid.validvalue", "fields": {"set": 3, "value": "8859part1"}}, {"pk": 487, "model": "usginvalid.validvalue", "fields": {"set": 3, "value": "8859part10"}}, {"pk": 488, "model": "usginvalid.validvalue", "fields": {"set": 3, "value": "8859part11"}}, {"pk": 489, "model": "usginvalid.validvalue", "fields": {"set": 3, "value": "8859part13"}}, {"pk": 490, "model": "usginvalid.validvalue", "fields": {"set": 3, "value": "8859part14"}}, {"pk": 491, "model": "usginvalid.validvalue", "fields": {"set": 3, "value": "8859part15"}}, {"pk": 492, "model": "usginvalid.validvalue", "fields": {"set": 3, "value": "8859part16"}}, {"pk": 479, "model": "usginvalid.validvalue", "fields": {"set": 3, "value": "8859part2"}}, {"pk": 480, "model": "usginvalid.validvalue", "fields": {"set": 3, "value": "8859part3"}}, {"pk": 481, "model": "usginvalid.validvalue", "fields": {"set": 3, "value": "8859part4"}}, {"pk": 482, "model": "usginvalid.validvalue", "fields": {"set": 3, "value": "8859part5"}}, {"pk": 483, "model": "usginvalid.validvalue", "fields": {"set": 3, "value": "8859part6"}}, {"pk": 484, "model": "usginvalid.validvalue", "fields": {"set": 3, "value": "8859part7"}}, {"pk": 485, "model": "usginvalid.validvalue", "fields": {"set": 3, "value": "8859part8"}}, {"pk": 486, "model": "usginvalid.validvalue", "fields": {"set": 3, "value": "8859part9"}}, {"pk": 517, "model": "usginvalid.validvalue", "fields": {"set": 5, "value": "Dataset"}}, {"pk": 500, "model": "usginvalid.validvalue", "fields": {"set": 3, "value": "GB2312"}}, {"pk": 534, "model": "usginvalid.validvalue", "fields": {"set": 11, "value": "ISO-NAP-USGIN"}}, {"pk": 518, "model": "usginvalid.validvalue", "fields": {"set": 5, "value": "Service"}}, {"pk": 9, "model": "usginvalid.validvalue", "fields": {"set": 2, "value": "aar"}}, {"pk": 10, "model": "usginvalid.validvalue", "fields": {"set": 2, "value": "abk"}}, {"pk": 11, "model": "usginvalid.validvalue", "fields": {"set": 2, "value": "ace"}}, {"pk": 12, "model": "usginvalid.validvalue", "fields": {"set": 2, "value": "ach"}}, {"pk": 13, "model": "usginvalid.validvalue", "fields": {"set": 2, "value": "ada"}}, {"pk": 14, "model": "usginvalid.validvalue", "fields": {"set": 2, "value": "ady"}}, {"pk": 15, "model": "usginvalid.validvalue", "fields": {"set": 2, "value": "afa"}}, {"pk": 16, "model": "usginvalid.validvalue", "fields": {"set": 2, "value": "afh"}}, {"pk": 17, "model": "usginvalid.validvalue", "fields": {"set": 2, "value": "afr"}}, {"pk": 18, "model": "usginvalid.validvalue", "fields": {"set": 2, "value": "ain"}}, {"pk": 19, "model": "usginvalid.validvalue", "fields": {"set": 2, "value": "aka"}}, {"pk": 20, "model": "usginvalid.validvalue", "fields": {"set": 2, "value": "akk"}}, {"pk": 21, "model": "usginvalid.validvalue", "fields": {"set": 2, "value": "ale"}}, {"pk": 22, "model": "usginvalid.validvalue", "fields": {"set": 2, "value": "alg"}}, {"pk": 23, "model": "usginvalid.validvalue", "fields": {"set": 2, "value": "alt"}}, {"pk": 24, "model": "usginvalid.validvalue", "fields": {"set": 2, "value": "amh"}}, {"pk": 25, "model": "usginvalid.validvalue", "fields": {"set": 2, "value": "ang"}}, {"pk": 26, "model": "usginvalid.validvalue", "fields": {"set": 2, "value": "anp"}}, {"pk": 27, "model": "usginvalid.validvalue", "fields": {"set": 2, "value": "apa"}}, {"pk": 28, "model": "usginvalid.validvalue", "fields": {"set": 2, "value": "ara"}}, {"pk": 29, "model": "usginvalid.validvalue", "fields": {"set": 2, "value": "arc"}}, {"pk": 30, "model": "usginvalid.validvalue", "fields": {"set": 2, "value": "arg"}}, {"pk": 31, "model": "usginvalid.validvalue", "fields": {"set": 2, "value": "arn"}}, {"pk": 32, "model": "usginvalid.validvalue", "fields": {"set": 2, "value": "arp"}}, {"pk": 33, "model": "usginvalid.validvalue", "fields": {"set": 2, "value": "art"}}, {"pk": 34, "model": "usginvalid.validvalue", "fields": {"set": 2, "value": "arw"}}, {"pk": 35, "model": "usginvalid.validvalue", "fields": {"set": 2, "value": "asm"}}, {"pk": 36, "model": "usginvalid.validvalue", "fields": {"set": 2, "value": "ast"}}, {"pk": 37, "model": "usginvalid.validvalue", "fields": {"set": 2, "value": "ath"}}, {"pk": 501, "model": "usginvalid.validvalue", "fields": {"set": 4, "value": "attribute"}}, {"pk": 502, "model": "usginvalid.validvalue", "fields": {"set": 4, "value": "attributeType"}}, {"pk": 38, "model": "usginvalid.validvalue", "fields": {"set": 2, "value": "aus"}}, {"pk": 532, "model": "usginvalid.validvalue", "fields": {"set": 9, "value": "author"}}, {"pk": 39, "model": "usginvalid.validvalue", "fields": {"set": 2, "value": "ava"}}, {"pk": 40, "model": "usginvalid.validvalue", "fields": {"set": 2, "value": "ave"}}, {"pk": 41, "model": "usginvalid.validvalue", "fields": {"set": 2, "value": "awa"}}, {"pk": 42, "model": "usginvalid.validvalue", "fields": {"set": 2, "value": "aym"}}, {"pk": 43, "model": "usginvalid.validvalue", "fields": {"set": 2, "value": "aze"}}, {"pk": 44, "model": "usginvalid.validvalue", "fields": {"set": 2, "value": "bad"}}, {"pk": 45, "model": "usginvalid.validvalue", "fields": {"set": 2, "value": "bai"}}, {"pk": 46, "model": "usginvalid.validvalue", "fields": {"set": 2, "value": "bak"}}, {"pk": 47, "model": "usginvalid.validvalue", "fields": {"set": 2, "value": "bal"}}, {"pk": 48, "model": "usginvalid.validvalue", "fields": {"set": 2, "value": "bam"}}, {"pk": 49, "model": "usginvalid.validvalue", "fields": {"set": 2, "value": "ban"}}, {"pk": 50, "model": "usginvalid.validvalue", "fields": {"set": 2, "value": "bas"}}, {"pk": 51, "model": "usginvalid.validvalue", "fields": {"set": 2, "value": "bat"}}, {"pk": 52, "model": "usginvalid.validvalue", "fields": {"set": 2, "value": "bej"}}, {"pk": 53, "model": "usginvalid.validvalue", "fields": {"set": 2, "value": "bel"}}, {"pk": 54, "model": "usginvalid.validvalue", "fields": {"set": 2, "value": "bem"}}, {"pk": 55, "model": "usginvalid.validvalue", "fields": {"set": 2, "value": "ben"}}, {"pk": 56, "model": "usginvalid.validvalue", "fields": {"set": 2, "value": "ber"}}, {"pk": 57, "model": "usginvalid.validvalue", "fields": {"set": 2, "value": "bho"}}, {"pk": 499, "model": "usginvalid.validvalue", "fields": {"set": 3, "value": "big5"}}, {"pk": 58, "model": "usginvalid.validvalue", "fields": {"set": 2, "value": "bih"}}, {"pk": 59, "model": "usginvalid.validvalue", "fields": {"set": 2, "value": "bik"}}, {"pk": 60, "model": "usginvalid.validvalue", "fields": {"set": 2, "value": "bin"}}, {"pk": 61, "model": "usginvalid.validvalue", "fields": {"set": 2, "value": "bis"}}, {"pk": 62, "model": "usginvalid.validvalue", "fields": {"set": 2, "value": "bla"}}, {"pk": 63, "model": "usginvalid.validvalue", "fields": {"set": 2, "value": "bnt"}}, {"pk": 64, "model": "usginvalid.validvalue", "fields": {"set": 2, "value": "bos"}}, {"pk": 65, "model": "usginvalid.validvalue", "fields": {"set": 2, "value": "bra"}}, {"pk": 66, "model": "usginvalid.validvalue", "fields": {"set": 2, "value": "bre"}}, {"pk": 67, "model": "usginvalid.validvalue", "fields": {"set": 2, "value": "btk"}}, {"pk": 68, "model": "usginvalid.validvalue", "fields": {"set": 2, "value": "bua"}}, {"pk": 69, "model": "usginvalid.validvalue", "fields": {"set": 2, "value": "bug"}}, {"pk": 70, "model": "usginvalid.validvalue", "fields": {"set": 2, "value": "bul"}}, {"pk": 71, "model": "usginvalid.validvalue", "fields": {"set": 2, "value": "byn"}}, {"pk": 72, "model": "usginvalid.validvalue", "fields": {"set": 2, "value": "cad"}}, {"pk": 73, "model": "usginvalid.validvalue", "fields": {"set": 2, "value": "cai"}}, {"pk": 74, "model": "usginvalid.validvalue", "fields": {"set": 2, "value": "car"}}, {"pk": 75, "model": "usginvalid.validvalue", "fields": {"set": 2, "value": "cat"}}, {"pk": 76, "model": "usginvalid.validvalue", "fields": {"set": 2, "value": "cau"}}, {"pk": 77, "model": "usginvalid.validvalue", "fields": {"set": 2, "value": "ceb"}}, {"pk": 78, "model": "usginvalid.validvalue", "fields": {"set": 2, "value": "cel"}}, {"pk": 79, "model": "usginvalid.validvalue", "fields": {"set": 2, "value": "cha"}}, {"pk": 80, "model": "usginvalid.validvalue", "fields": {"set": 2, "value": "chb"}}, {"pk": 81, "model": "usginvalid.validvalue", "fields": {"set": 2, "value": "che"}}, {"pk": 82, "model": "usginvalid.validvalue", "fields": {"set": 2, "value": "chg"}}, {"pk": 83, "model": "usginvalid.validvalue", "fields": {"set": 2, "value": "chk"}}, {"pk": 84, "model": "usginvalid.validvalue", "fields": {"set": 2, "value": "chm"}}, {"pk": 85, "model": "usginvalid.validvalue", "fields": {"set": 2, "value": "chn"}}, {"pk": 86, "model": "usginvalid.validvalue", "fields": {"set": 2, "value": "cho"}}, {"pk": 87, "model": "usginvalid.validvalue", "fields": {"set": 2, "value": "chp"}}, {"pk": 88, "model": "usginvalid.validvalue", "fields": {"set": 2, "value": "chr"}}, {"pk": 89, "model": "usginvalid.validvalue", "fields": {"set": 2, "value": "chu"}}, {"pk": 90, "model": "usginvalid.validvalue", "fields": {"set": 2, "value": "chv"}}, {"pk": 91, "model": "usginvalid.validvalue", "fields": {"set": 2, "value": "chy"}}, {"pk": 92, "model": "usginvalid.validvalue", "fields": {"set": 2, "value": "cmc"}}, {"pk": 503, "model": "usginvalid.validvalue", "fields": {"set": 4, "value": "collectionHardware"}}, {"pk": 504, "model": "usginvalid.validvalue", "fields": {"set": 4, "value": "collectionSession"}}, {"pk": 540, "model": "usginvalid.validvalue", "fields": {"set": 15, "value": "completed"}}, {"pk": 93, "model": "usginvalid.validvalue", "fields": {"set": 2, "value": "cop"}}, {"pk": 94, "model": "usginvalid.validvalue", "fields": {"set": 2, "value": "cor"}}, {"pk": 95, "model": "usginvalid.validvalue", "fields": {"set": 2, "value": "cos"}}, {"pk": 96, "model": "usginvalid.validvalue", "fields": {"set": 2, "value": "cpe"}}, {"pk": 97, "model": "usginvalid.validvalue", "fields": {"set": 2, "value": "cpf"}}, {"pk": 98, "model": "usginvalid.validvalue", "fields": {"set": 2, "value": "cpp"}}, {"pk": 99, "model": "usginvalid.validvalue", "fields": {"set": 2, "value": "cre"}}, {"pk": 536, "model": "usginvalid.validvalue", "fields": {"set": 13, "value": "creation"}}, {"pk": 100, "model": "usginvalid.validvalue", "fields": {"set": 2, "value": "crh"}}, {"pk": 101, "model": "usginvalid.validvalue", "fields": {"set": 2, "value": "crp"}}, {"pk": 102, "model": "usginvalid.validvalue", "fields": {"set": 2, "value": "csb"}}, {"pk": 103, "model": "usginvalid.validvalue", "fields": {"set": 2, "value": "cus"}}, {"pk": 523, "model": "usginvalid.validvalue", "fields": {"set": 9, "value": "custodian"}}, {"pk": 104, "model": "usginvalid.validvalue", "fields": {"set": 2, "value": "dak"}}, {"pk": 105, "model": "usginvalid.validvalue", "fields": {"set": 2, "value": "dan"}}, {"pk": 106, "model": "usginvalid.validvalue", "fields": {"set": 2, "value": "dar"}}, {"pk": 505, "model": "usginvalid.validvalue", "fields": {"set": 4, "value": "dataset"}}, {"pk": 107, "model": "usginvalid.validvalue", "fields": {"set": 2, "value": "day"}}, {"pk": 108, "model": "usginvalid.validvalue", "fields": {"set": 2, "value": "del"}}, {"pk": 109, "model": "usginvalid.validvalue", "fields": {"set": 2, "value": "den"}}, {"pk": 110, "model": "usginvalid.validvalue", "fields": {"set": 2, "value": "dgr"}}, {"pk": 508, "model": "usginvalid.validvalue", "fields": {"set": 4, "value": "dimensionGroup"}}, {"pk": 111, "model": "usginvalid.validvalue", "fields": {"set": 2, "value": "din"}}, {"pk": 526, "model": "usginvalid.validvalue", "fields": {"set": 9, "value": "distributor"}}, {"pk": 112, "model": "usginvalid.validvalue", "fields": {"set": 2, "value": "div"}}, {"pk": 113, "model": "usginvalid.validvalue", "fields": {"set": 2, "value": "doi"}}, {"pk": 114, "model": "usginvalid.validvalue", "fields": {"set": 2, "value": "dra"}}, {"pk": 115, "model": "usginvalid.validvalue", "fields": {"set": 2, "value": "dsb"}}, {"pk": 116, "model": "usginvalid.validvalue", "fields": {"set": 2, "value": "dua"}}, {"pk": 117, "model": "usginvalid.validvalue", "fields": {"set": 2, "value": "dum"}}, {"pk": 118, "model": "usginvalid.validvalue", "fields": {"set": 2, "value": "dyu"}}, {"pk": 119, "model": "usginvalid.validvalue", "fields": {"set": 2, "value": "dzo"}}, {"pk": 497, "model": "usginvalid.validvalue", "fields": {"set": 3, "value": "ebcdic"}}, {"pk": 120, "model": "usginvalid.validvalue", "fields": {"set": 2, "value": "efi"}}, {"pk": 121, "model": "usginvalid.validvalue", "fields": {"set": 2, "value": "egy"}}, {"pk": 122, "model": "usginvalid.validvalue", "fields": {"set": 2, "value": "eka"}}, {"pk": 123, "model": "usginvalid.validvalue", "fields": {"set": 2, "value": "elx"}}, {"pk": 124, "model": "usginvalid.validvalue", "fields": {"set": 2, "value": "eng"}}, {"pk": 125, "model": "usginvalid.validvalue", "fields": {"set": 2, "value": "enm"}}, {"pk": 126, "model": "usginvalid.validvalue", "fields": {"set": 2, "value": "epo"}}, {"pk": 127, "model": "usginvalid.validvalue", "fields": {"set": 2, "value": "est"}}, {"pk": 495, "model": "usginvalid.validvalue", "fields": {"set": 3, "value": "eucJP"}}, {"pk": 498, "model": "usginvalid.validvalue", "fields": {"set": 3, "value": "eucKR"}}, {"pk": 128, "model": "usginvalid.validvalue", "fields": {"set": 2, "value": "ewe"}}, {"pk": 129, "model": "usginvalid.validvalue", "fields": {"set": 2, "value": "ewo"}}, {"pk": 130, "model": "usginvalid.validvalue", "fields": {"set": 2, "value": "fan"}}, {"pk": 131, "model": "usginvalid.validvalue", "fields": {"set": 2, "value": "fao"}}, {"pk": 132, "model": "usginvalid.validvalue", "fields": {"set": 2, "value": "fat"}}, {"pk": 509, "model": "usginvalid.validvalue", "fields": {"set": 4, "value": "feature"}}, {"pk": 510, "model": "usginvalid.validvalue", "fields": {"set": 4, "value": "featureType"}}, {"pk": 512, "model": "usginvalid.validvalue", "fields": {"set": 4, "value": "fieldSession"}}, {"pk": 133, "model": "usginvalid.validvalue", "fields": {"set": 2, "value": "fij"}}, {"pk": 134, "model": "usginvalid.validvalue", "fields": {"set": 2, "value": "fil"}}, {"pk": 135, "model": "usginvalid.validvalue", "fields": {"set": 2, "value": "fin"}}, {"pk": 136, "model": "usginvalid.validvalue", "fields": {"set": 2, "value": "fiu"}}, {"pk": 137, "model": "usginvalid.validvalue", "fields": {"set": 2, "value": "fon"}}, {"pk": 138, "model": "usginvalid.validvalue", "fields": {"set": 2, "value": "frm"}}, {"pk": 139, "model": "usginvalid.validvalue", "fields": {"set": 2, "value": "fro"}}, {"pk": 140, "model": "usginvalid.validvalue", "fields": {"set": 2, "value": "frr"}}, {"pk": 141, "model": "usginvalid.validvalue", "fields": {"set": 2, "value": "frs"}}, {"pk": 142, "model": "usginvalid.validvalue", "fields": {"set": 2, "value": "fry"}}, {"pk": 143, "model": "usginvalid.validvalue", "fields": {"set": 2, "value": "ful"}}, {"pk": 144, "model": "usginvalid.validvalue", "fields": {"set": 2, "value": "fur"}}, {"pk": 145, "model": "usginvalid.validvalue", "fields": {"set": 2, "value": "gaa"}}, {"pk": 146, "model": "usginvalid.validvalue", "fields": {"set": 2, "value": "gay"}}, {"pk": 147, "model": "usginvalid.validvalue", "fields": {"set": 2, "value": "gba"}}, {"pk": 148, "model": "usginvalid.validvalue", "fields": {"set": 2, "value": "gem"}}, {"pk": 149, "model": "usginvalid.validvalue", "fields": {"set": 2, "value": "gez"}}, {"pk": 150, "model": "usginvalid.validvalue", "fields": {"set": 2, "value": "gil"}}, {"pk": 151, "model": "usginvalid.validvalue", "fields": {"set": 2, "value": "gla"}}, {"pk": 152, "model": "usginvalid.validvalue", "fields": {"set": 2, "value": "gle"}}, {"pk": 153, "model": "usginvalid.validvalue", "fields": {"set": 2, "value": "glg"}}, {"pk": 154, "model": "usginvalid.validvalue", "fields": {"set": 2, "value": "glv"}}, {"pk": 155, "model": "usginvalid.validvalue", "fields": {"set": 2, "value": "gmh"}}, {"pk": 156, "model": "usginvalid.validvalue", "fields": {"set": 2, "value": "goh"}}, {"pk": 157, "model": "usginvalid.validvalue", "fields": {"set": 2, "value": "gon"}}, {"pk": 158, "model": "usginvalid.validvalue", "fields": {"set": 2, "value": "gor"}}, {"pk": 159, "model": "usginvalid.validvalue", "fields": {"set": 2, "value": "got"}}, {"pk": 160, "model": "usginvalid.validvalue", "fields": {"set": 2, "value": "grb"}}, {"pk": 161, "model": "usginvalid.validvalue", "fields": {"set": 2, "value": "grc"}}, {"pk": 162, "model": "usginvalid.validvalue", "fields": {"set": 2, "value": "grn"}}, {"pk": 163, "model": "usginvalid.validvalue", "fields": {"set": 2, "value": "gsw"}}, {"pk": 164, "model": "usginvalid.validvalue", "fields": {"set": 2, "value": "guj"}}, {"pk": 165, "model": "usginvalid.validvalue", "fields": {"set": 2, "value": "gwi"}}, {"pk": 166, "model": "usginvalid.validvalue", "fields": {"set": 2, "value": "hai"}}, {"pk": 167, "model": "usginvalid.validvalue", "fields": {"set": 2, "value": "hat"}}, {"pk": 168, "model": "usginvalid.validvalue", "fields": {"set": 2, "value": "hau"}}, {"pk": 169, "model": "usginvalid.validvalue", "fields": {"set": 2, "value": "haw"}}, {"pk": 170, "model": "usginvalid.validvalue", "fields": {"set": 2, "value": "heb"}}, {"pk": 171, "model": "usginvalid.validvalue", "fields": {"set": 2, "value": "her"}}, {"pk": 172, "model": "usginvalid.validvalue", "fields": {"set": 2, "value": "hil"}}, {"pk": 173, "model": "usginvalid.validvalue", "fields": {"set": 2, "value": "him"}}, {"pk": 174, "model": "usginvalid.validvalue", "fields": {"set": 2, "value": "hin"}}, {"pk": 541, "model": "usginvalid.validvalue", "fields": {"set": 15, "value": "historicalArchive"}}, {"pk": 175, "model": "usginvalid.validvalue", "fields": {"set": 2, "value": "hit"}}, {"pk": 176, "model": "usginvalid.validvalue", "fields": {"set": 2, "value": "hmn"}}, {"pk": 177, "model": "usginvalid.validvalue", "fields": {"set": 2, "value": "hmo"}}, {"pk": 178, "model": "usginvalid.validvalue", "fields": {"set": 2, "value": "hrv"}}, {"pk": 179, "model": "usginvalid.validvalue", "fields": {"set": 2, "value": "hsb"}}, {"pk": 535, "model": "usginvalid.validvalue", "fields": {"set": 12, "value": "http://standards.iso.org/ittf/PubliclyAvailableStandards/ISO_19139_Schemas/resources/Codelist/gmxCodelists.xml#CI_DateTypeCode"}}, {"pk": 521, "model": "usginvalid.validvalue", "fields": {"set": 8, "value": "http://standards.iso.org/ittf/PubliclyAvailableStandards/ISO_19139_Schemas/resources/Codelist/gmxCodelists.xml#CI_RoleCode"}}, {"pk": 519, "model": "usginvalid.validvalue", "fields": {"set": 6, "value": "http://standards.iso.org/ittf/PubliclyAvailableStandards/ISO_19139_Schemas/resources/Codelist/gmxCodelists.xml#MD_CharacterSetCode"}}, {"pk": 539, "model": "usginvalid.validvalue", "fields": {"set": 14, "value": "http://standards.iso.org/ittf/PubliclyAvailableStandards/ISO_19139_Schemas/resources/Codelist/gmxCodelists.xml#MD_ProgressCode"}}, {"pk": 520, "model": "usginvalid.validvalue", "fields": {"set": 7, "value": "http://standards.iso.org/ittf/PubliclyAvailableStandards/ISO_19139_Schemas/resources/Codelist/gmxCodelists.xml#MD_ScopeCode"}}, {"pk": 180, "model": "usginvalid.validvalue", "fields": {"set": 2, "value": "hun"}}, {"pk": 181, "model": "usginvalid.validvalue", "fields": {"set": 2, "value": "hup"}}, {"pk": 182, "model": "usginvalid.validvalue", "fields": {"set": 2, "value": "iba"}}, {"pk": 183, "model": "usginvalid.validvalue", "fields": {"set": 2, "value": "ibo"}}, {"pk": 533, "model": "usginvalid.validvalue", "fields": {"set": 10, "value": "icon"}}, {"pk": 184, "model": "usginvalid.validvalue", "fields": {"set": 2, "value": "ido"}}, {"pk": 185, "model": "usginvalid.validvalue", "fields": {"set": 2, "value": "iii"}}, {"pk": 186, "model": "usginvalid.validvalue", "fields": {"set": 2, "value": "ijo"}}, {"pk": 187, "model": "usginvalid.validvalue", "fields": {"set": 2, "value": "iku"}}, {"pk": 188, "model": "usginvalid.validvalue", "fields": {"set": 2, "value": "ile"}}, {"pk": 189, "model": "usginvalid.validvalue", "fields": {"set": 2, "value": "ilo"}}, {"pk": 190, "model": "usginvalid.validvalue", "fields": {"set": 2, "value": "ina"}}, {"pk": 191, "model": "usginvalid.validvalue", "fields": {"set": 2, "value": "inc"}}, {"pk": 192, "model": "usginvalid.validvalue", "fields": {"set": 2, "value": "ind"}}, {"pk": 193, "model": "usginvalid.validvalue", "fields": {"set": 2, "value": "ine"}}, {"pk": 194, "model": "usginvalid.validvalue", "fields": {"set": 2, "value": "inh"}}, {"pk": 195, "model": "usginvalid.validvalue", "fields": {"set": 2, "value": "ipk"}}, {"pk": 196, "model": "usginvalid.validvalue", "fields": {"set": 2, "value": "ira"}}, {"pk": 197, "model": "usginvalid.validvalue", "fields": {"set": 2, "value": "iro"}}, {"pk": 198, "model": "usginvalid.validvalue", "fields": {"set": 2, "value": "ita"}}, {"pk": 199, "model": "usginvalid.validvalue", "fields": {"set": 2, "value": "jav"}}, {"pk": 200, "model": "usginvalid.validvalue", "fields": {"set": 2, "value": "jbo"}}, {"pk": 493, "model": "usginvalid.validvalue", "fields": {"set": 3, "value": "jis"}}, {"pk": 201, "model": "usginvalid.validvalue", "fields": {"set": 2, "value": "jpn"}}, {"pk": 202, "model": "usginvalid.validvalue", "fields": {"set": 2, "value": "jpr"}}, {"pk": 203, "model": "usginvalid.validvalue", "fields": {"set": 2, "value": "jrb"}}, {"pk": 204, "model": "usginvalid.validvalue", "fields": {"set": 2, "value": "kaa"}}, {"pk": 205, "model": "usginvalid.validvalue", "fields": {"set": 2, "value": "kab"}}, {"pk": 206, "model": "usginvalid.validvalue", "fields": {"set": 2, "value": "kac"}}, {"pk": 207, "model": "usginvalid.validvalue", "fields": {"set": 2, "value": "kal"}}, {"pk": 208, "model": "usginvalid.validvalue", "fields": {"set": 2, "value": "kam"}}, {"pk": 209, "model": "usginvalid.validvalue", "fields": {"set": 2, "value": "kan"}}, {"pk": 210, "model": "usginvalid.validvalue", "fields": {"set": 2, "value": "kar"}}, {"pk": 211, "model": "usginvalid.validvalue", "fields": {"set": 2, "value": "kas"}}, {"pk": 212, "model": "usginvalid.validvalue", "fields": {"set": 2, "value": "kau"}}, {"pk": 213, "model": "usginvalid.validvalue", "fields": {"set": 2, "value": "kaw"}}, {"pk": 214, "model": "usginvalid.validvalue", "fields": {"set": 2, "value": "kaz"}}, {"pk": 215, "model": "usginvalid.validvalue", "fields": {"set": 2, "value": "kbd"}}, {"pk": 216, "model": "usginvalid.validvalue", "fields": {"set": 2, "value": "kha"}}, {"pk": 217, "model": "usginvalid.validvalue", "fields": {"set": 2, "value": "khi"}}, {"pk": 218, "model": "usginvalid.validvalue", "fields": {"set": 2, "value": "khm"}}, {"pk": 219, "model": "usginvalid.validvalue", "fields": {"set": 2, "value": "kho"}}, {"pk": 220, "model": "usginvalid.validvalue", "fields": {"set": 2, "value": "kik"}}, {"pk": 221, "model": "usginvalid.validvalue", "fields": {"set": 2, "value": "kin"}}, {"pk": 222, "model": "usginvalid.validvalue", "fields": {"set": 2, "value": "kir"}}, {"pk": 223, "model": "usginvalid.validvalue", "fields": {"set": 2, "value": "kmb"}}, {"pk": 224, "model": "usginvalid.validvalue", "fields": {"set": 2, "value": "kok"}}, {"pk": 225, "model": "usginvalid.validvalue", "fields": {"set": 2, "value": "kom"}}, {"pk": 226, "model": "usginvalid.validvalue", "fields": {"set": 2, "value": "kon"}}, {"pk": 227, "model": "usginvalid.validvalue", "fields": {"set": 2, "value": "kor"}}, {"pk": 228, "model": "usginvalid.validvalue", "fields": {"set": 2, "value": "kos"}}, {"pk": 229, "model": "usginvalid.validvalue", "fields": {"set": 2, "value": "kpe"}}, {"pk": 230, "model": "usginvalid.validvalue", "fields": {"set": 2, "value": "krc"}}, {"pk": 231, "model": "usginvalid.validvalue", "fields": {"set": 2, "value": "krl"}}, {"pk": 232, "model": "usginvalid.validvalue", "fields": {"set": 2, "value": "kro"}}, {"pk": 233, "model": "usginvalid.validvalue", "fields": {"set": 2, "value": "kru"}}, {"pk": 234, "model": "usginvalid.validvalue", "fields": {"set": 2, "value": "kua"}}, {"pk": 235, "model": "usginvalid.validvalue", "fields": {"set": 2, "value": "kum"}}, {"pk": 236, "model": "usginvalid.validvalue", "fields": {"set": 2, "value": "kur"}}, {"pk": 237, "model": "usginvalid.validvalue", "fields": {"set": 2, "value": "kut"}}, {"pk": 238, "model": "usginvalid.validvalue", "fields": {"set": 2, "value": "lad"}}, {"pk": 239, "model": "usginvalid.validvalue", "fields": {"set": 2, "value": "lah"}}, {"pk": 240, "model": "usginvalid.validvalue", "fields": {"set": 2, "value": "lam"}}, {"pk": 241, "model": "usginvalid.validvalue", "fields": {"set": 2, "value": "lao"}}, {"pk": 242, "model": "usginvalid.validvalue", "fields": {"set": 2, "value": "lat"}}, {"pk": 243, "model": "usginvalid.validvalue", "fields": {"set": 2, "value": "lav"}}, {"pk": 244, "model": "usginvalid.validvalue", "fields": {"set": 2, "value": "lez"}}, {"pk": 245, "model": "usginvalid.validvalue", "fields": {"set": 2, "value": "lim"}}, {"pk": 246, "model": "usginvalid.validvalue", "fields": {"set": 2, "value": "lin"}}, {"pk": 247, "model": "usginvalid.validvalue", "fields": {"set": 2, "value": "lit"}}, {"pk": 248, "model": "usginvalid.validvalue", "fields": {"set": 2, "value": "lol"}}, {"pk": 249, "model": "usginvalid.validvalue", "fields": {"set": 2, "value": "loz"}}, {"pk": 250, "model": "usginvalid.validvalue", "fields": {"set": 2, "value": "ltz"}}, {"pk": 251, "model": "usginvalid.validvalue", "fields": {"set": 2, "value": "lua"}}, {"pk": 252, "model": "usginvalid.validvalue", "fields": {"set": 2, "value": "lub"}}, {"pk": 253, "model": "usginvalid.validvalue", "fields": {"set": 2, "value": "lug"}}, {"pk": 254, "model": "usginvalid.validvalue", "fields": {"set": 2, "value": "lui"}}, {"pk": 255, "model": "usginvalid.validvalue", "fields": {"set": 2, "value": "lun"}}, {"pk": 256, "model": "usginvalid.validvalue", "fields": {"set": 2, "value": "luo"}}, {"pk": 257, "model": "usginvalid.validvalue", "fields": {"set": 2, "value": "lus"}}, {"pk": 258, "model": "usginvalid.validvalue", "fields": {"set": 2, "value": "mad"}}, {"pk": 259, "model": "usginvalid.validvalue", "fields": {"set": 2, "value": "mag"}}, {"pk": 260, "model": "usginvalid.validvalue", "fields": {"set": 2, "value": "mah"}}, {"pk": 261, "model": "usginvalid.validvalue", "fields": {"set": 2, "value": "mai"}}, {"pk": 262, "model": "usginvalid.validvalue", "fields": {"set": 2, "value": "mak"}}, {"pk": 263, "model": "usginvalid.validvalue", "fields": {"set": 2, "value": "mal"}}, {"pk": 264, "model": "usginvalid.validvalue", "fields": {"set": 2, "value": "man"}}, {"pk": 265, "model": "usginvalid.validvalue", "fields": {"set": 2, "value": "map"}}, {"pk": 266, "model": "usginvalid.validvalue", "fields": {"set": 2, "value": "mar"}}, {"pk": 267, "model": "usginvalid.validvalue", "fields": {"set": 2, "value": "mas"}}, {"pk": 268, "model": "usginvalid.validvalue", "fields": {"set": 2, "value": "mdf"}}, {"pk": 269, "model": "usginvalid.validvalue", "fields": {"set": 2, "value": "mdr"}}, {"pk": 270, "model": "usginvalid.validvalue", "fields": {"set": 2, "value": "men"}}, {"pk": 271, "model": "usginvalid.validvalue", "fields": {"set": 2, "value": "mga"}}, {"pk": 272, "model": "usginvalid.validvalue", "fields": {"set": 2, "value": "mic"}}, {"pk": 273, "model": "usginvalid.validvalue", "fields": {"set": 2, "value": "min"}}, {"pk": 274, "model": "usginvalid.validvalue", "fields": {"set": 2, "value": "mis"}}, {"pk": 275, "model": "usginvalid.validvalue", "fields": {"set": 2, "value": "mkh"}}, {"pk": 276, "model": "usginvalid.validvalue", "fields": {"set": 2, "value": "mlg"}}, {"pk": 277, "model": "usginvalid.validvalue", "fields": {"set": 2, "value": "mlt"}}, {"pk": 278, "model": "usginvalid.validvalue", "fields": {"set": 2, "value": "mnc"}}, {"pk": 279, "model": "usginvalid.validvalue", "fields": {"set": 2, "value": "mni"}}, {"pk": 280, "model": "usginvalid.validvalue", "fields": {"set": 2, "value": "mno"}}, {"pk": 515, "model": "usginvalid.validvalue", "fields": {"set": 4, "value": "model"}}, {"pk": 281, "model": "usginvalid.validvalue", "fields": {"set": 2, "value": "moh"}}, {"pk": 282, "model": "usginvalid.validvalue", "fields": {"set": 2, "value": "mon"}}, {"pk": 283, "model": "usginvalid.validvalue", "fields": {"set": 2, "value": "mos"}}, {"pk": 284, "model": "usginvalid.validvalue", "fields": {"set": 2, "value": "mul"}}, {"pk": 285, "model": "usginvalid.validvalue", "fields": {"set": 2, "value": "mun"}}, {"pk": 286, "model": "usginvalid.validvalue", "fields": {"set": 2, "value": "mus"}}, {"pk": 287, "model": "usginvalid.validvalue", "fields": {"set": 2, "value": "mwl"}}, {"pk": 288, "model": "usginvalid.validvalue", "fields": {"set": 2, "value": "mwr"}}, {"pk": 289, "model": "usginvalid.validvalue", "fields": {"set": 2, "value": "myn"}}, {"pk": 290, "model": "usginvalid.validvalue", "fields": {"set": 2, "value": "myv"}}, {"pk": 291, "model": "usginvalid.validvalue", "fields": {"set": 2, "value": "nah"}}, {"pk": 292, "model": "usginvalid.validvalue", "fields": {"set": 2, "value": "nai"}}, {"pk": 293, "model": "usginvalid.validvalue", "fields": {"set": 2, "value": "nap"}}, {"pk": 294, "model": "usginvalid.validvalue", "fields": {"set": 2, "value": "nau"}}, {"pk": 295, "model": "usginvalid.validvalue", "fields": {"set": 2, "value": "nav"}}, {"pk": 296, "model": "usginvalid.validvalue", "fields": {"set": 2, "value": "nbl"}}, {"pk": 297, "model": "usginvalid.validvalue", "fields": {"set": 2, "value": "nde"}}, {"pk": 298, "model": "usginvalid.validvalue", "fields": {"set": 2, "value": "ndo"}}, {"pk": 299, "model": "usginvalid.validvalue", "fields": {"set": 2, "value": "nds"}}, {"pk": 300, "model": "usginvalid.validvalue", "fields": {"set": 2, "value": "nep"}}, {"pk": 301, "model": "usginvalid.validvalue", "fields": {"set": 2, "value": "new"}}, {"pk": 302, "model": "usginvalid.validvalue", "fields": {"set": 2, "value": "nia"}}, {"pk": 303, "model": "usginvalid.validvalue", "fields": {"set": 2, "value": "nic"}}, {"pk": 304, "model": "usginvalid.validvalue", "fields": {"set": 2, "value": "niu"}}, {"pk": 305, "model": "usginvalid.validvalue", "fields": {"set": 2, "value": "nno"}}, {"pk": 306, "model": "usginvalid.validvalue", "fields": {"set": 2, "value": "nob"}}, {"pk": 307, "model": "usginvalid.validvalue", "fields": {"set": 2, "value": "nog"}}, {"pk": 308, "model": "usginvalid.validvalue", "fields": {"set": 2, "value": "non"}}, {"pk": 507, "model": "usginvalid.validvalue", "fields": {"set": 4, "value": "nonGeographicDataset"}}, {"pk": 309, "model": "usginvalid.validvalue", "fields": {"set": 2, "value": "nor"}}, {"pk": 310, "model": "usginvalid.validvalue", "fields": {"set": 2, "value": "nqo"}}, {"pk": 311, "model": "usginvalid.validvalue", "fields": {"set": 2, "value": "nso"}}, {"pk": 312, "model": "usginvalid.validvalue", "fields": {"set": 2, "value": "nub"}}, {"pk": 313, "model": "usginvalid.validvalue", "fields": {"set": 2, "value": "nwc"}}, {"pk": 314, "model": "usginvalid.validvalue", "fields": {"set": 2, "value": "nya"}}, {"pk": 315, "model": "usginvalid.validvalue", "fields": {"set": 2, "value": "nym"}}, {"pk": 316, "model": "usginvalid.validvalue", "fields": {"set": 2, "value": "nyn"}}, {"pk": 317, "model": "usginvalid.validvalue", "fields": {"set": 2, "value": "nyo"}}, {"pk": 318, "model": "usginvalid.validvalue", "fields": {"set": 2, "value": "nzi"}}, {"pk": 542, "model": "usginvalid.validvalue", "fields": {"set": 15, "value": "obsolete"}}, {"pk": 319, "model": "usginvalid.validvalue", "fields": {"set": 2, "value": "oci"}}, {"pk": 320, "model": "usginvalid.validvalue", "fields": {"set": 2, "value": "oji"}}, {"pk": 543, "model": "usginvalid.validvalue", "fields": {"set": 15, "value": "onGoing"}}, {"pk": 321, "model": "usginvalid.validvalue", "fields": {"set": 2, "value": "ori"}}, {"pk": 527, "model": "usginvalid.validvalue", "fields": {"set": 9, "value": "originator"}}, {"pk": 322, "model": "usginvalid.validvalue", "fields": {"set": 2, "value": "orm"}}, {"pk": 323, "model": "usginvalid.validvalue", "fields": {"set": 2, "value": "osa"}}, {"pk": 324, "model": "usginvalid.validvalue", "fields": {"set": 2, "value": "oss"}}, {"pk": 325, "model": "usginvalid.validvalue", "fields": {"set": 2, "value": "ota"}}, {"pk": 326, "model": "usginvalid.validvalue", "fields": {"set": 2, "value": "oto"}}, {"pk": 524, "model": "usginvalid.validvalue", "fields": {"set": 9, "value": "owner"}}, {"pk": 327, "model": "usginvalid.validvalue", "fields": {"set": 2, "value": "paa"}}, {"pk": 328, "model": "usginvalid.validvalue", "fields": {"set": 2, "value": "pag"}}, {"pk": 329, "model": "usginvalid.validvalue", "fields": {"set": 2, "value": "pal"}}, {"pk": 330, "model": "usginvalid.validvalue", "fields": {"set": 2, "value": "pam"}}, {"pk": 331, "model": "usginvalid.validvalue", "fields": {"set": 2, "value": "pan"}}, {"pk": 332, "model": "usginvalid.validvalue", "fields": {"set": 2, "value": "pap"}}, {"pk": 333, "model": "usginvalid.validvalue", "fields": {"set": 2, "value": "pau"}}, {"pk": 334, "model": "usginvalid.validvalue", "fields": {"set": 2, "value": "peo"}}, {"pk": 335, "model": "usginvalid.validvalue", "fields": {"set": 2, "value": "phi"}}, {"pk": 336, "model": "usginvalid.validvalue", "fields": {"set": 2, "value": "phn"}}, {"pk": 544, "model": "usginvalid.validvalue", "fields": {"set": 15, "value": "planned"}}, {"pk": 337, "model": "usginvalid.validvalue", "fields": {"set": 2, "value": "pli"}}, {"pk": 528, "model": "usginvalid.validvalue", "fields": {"set": 9, "value": "pointOfContact"}}, {"pk": 338, "model": "usginvalid.validvalue", "fields": {"set": 2, "value": "pol"}}, {"pk": 339, "model": "usginvalid.validvalue", "fields": {"set": 2, "value": "pon"}}, {"pk": 340, "model": "usginvalid.validvalue", "fields": {"set": 2, "value": "por"}}, {"pk": 341, "model": "usginvalid.validvalue", "fields": {"set": 2, "value": "pra"}}, {"pk": 529, "model": "usginvalid.validvalue", "fields": {"set": 9, "value": "principalInvestigator"}}, {"pk": 342, "model": "usginvalid.validvalue", "fields": {"set": 2, "value": "pro"}}, {"pk": 530, "model": "usginvalid.validvalue", "fields": {"set": 9, "value": "processor"}}, {"pk": 511, "model": "usginvalid.validvalue", "fields": {"set": 4, "value": "propertyType"}}, {"pk": 537, "model": "usginvalid.validvalue", "fields": {"set": 13, "value": "publication"}}, {"pk": 531, "model": "usginvalid.validvalue", "fields": {"set": 9, "value": "publisher"}}, {"pk": 343, "model": "usginvalid.validvalue", "fields": {"set": 2, "value": "pus"}}, {"pk": 344, "model": "usginvalid.validvalue", "fields": {"set": 2, "value": "que"}}, {"pk": 345, "model": "usginvalid.validvalue", "fields": {"set": 2, "value": "raj"}}, {"pk": 346, "model": "usginvalid.validvalue", "fields": {"set": 2, "value": "rap"}}, {"pk": 347, "model": "usginvalid.validvalue", "fields": {"set": 2, "value": "rar"}}, {"pk": 545, "model": "usginvalid.validvalue", "fields": {"set": 15, "value": "required"}}, {"pk": 522, "model": "usginvalid.validvalue", "fields": {"set": 9, "value": "resourceProvider"}}, {"pk": 538, "model": "usginvalid.validvalue", "fields": {"set": 13, "value": "revision"}}, {"pk": 348, "model": "usginvalid.validvalue", "fields": {"set": 2, "value": "roa"}}, {"pk": 349, "model": "usginvalid.validvalue", "fields": {"set": 2, "value": "roh"}}, {"pk": 350, "model": "usginvalid.validvalue", "fields": {"set": 2, "value": "rom"}}, {"pk": 351, "model": "usginvalid.validvalue", "fields": {"set": 2, "value": "run"}}, {"pk": 352, "model": "usginvalid.validvalue", "fields": {"set": 2, "value": "rup"}}, {"pk": 353, "model": "usginvalid.validvalue", "fields": {"set": 2, "value": "rus"}}, {"pk": 354, "model": "usginvalid.validvalue", "fields": {"set": 2, "value": "sad"}}, {"pk": 355, "model": "usginvalid.validvalue", "fields": {"set": 2, "value": "sag"}}, {"pk": 356, "model": "usginvalid.validvalue", "fields": {"set": 2, "value": "sah"}}, {"pk": 357, "model": "usginvalid.validvalue", "fields": {"set": 2, "value": "sai"}}, {"pk": 358, "model": "usginvalid.validvalue", "fields": {"set": 2, "value": "sal"}}, {"pk": 359, "model": "usginvalid.validvalue", "fields": {"set": 2, "value": "sam"}}, {"pk": 360, "model": "usginvalid.validvalue", "fields": {"set": 2, "value": "san"}}, {"pk": 361, "model": "usginvalid.validvalue", "fields": {"set": 2, "value": "sas"}}, {"pk": 362, "model": "usginvalid.validvalue", "fields": {"set": 2, "value": "sat"}}, {"pk": 363, "model": "usginvalid.validvalue", "fields": {"set": 2, "value": "scn"}}, {"pk": 364, "model": "usginvalid.validvalue", "fields": {"set": 2, "value": "sco"}}, {"pk": 365, "model": "usginvalid.validvalue", "fields": {"set": 2, "value": "sel"}}, {"pk": 366, "model": "usginvalid.validvalue", "fields": {"set": 2, "value": "sem"}}, {"pk": 506, "model": "usginvalid.validvalue", "fields": {"set": 4, "value": "series"}}, {"pk": 514, "model": "usginvalid.validvalue", "fields": {"set": 4, "value": "service"}}, {"pk": 367, "model": "usginvalid.validvalue", "fields": {"set": 2, "value": "sga"}}, {"pk": 368, "model": "usginvalid.validvalue", "fields": {"set": 2, "value": "sgn"}}, {"pk": 494, "model": "usginvalid.validvalue", "fields": {"set": 3, "value": "shiftJIS"}}, {"pk": 369, "model": "usginvalid.validvalue", "fields": {"set": 2, "value": "shn"}}, {"pk": 370, "model": "usginvalid.validvalue", "fields": {"set": 2, "value": "sid"}}, {"pk": 371, "model": "usginvalid.validvalue", "fields": {"set": 2, "value": "sin"}}, {"pk": 372, "model": "usginvalid.validvalue", "fields": {"set": 2, "value": "sio"}}, {"pk": 373, "model": "usginvalid.validvalue", "fields": {"set": 2, "value": "sit"}}, {"pk": 374, "model": "usginvalid.validvalue", "fields": {"set": 2, "value": "sla"}}, {"pk": 375, "model": "usginvalid.validvalue", "fields": {"set": 2, "value": "slv"}}, {"pk": 376, "model": "usginvalid.validvalue", "fields": {"set": 2, "value": "sma"}}, {"pk": 377, "model": "usginvalid.validvalue", "fields": {"set": 2, "value": "sme"}}, {"pk": 378, "model": "usginvalid.validvalue", "fields": {"set": 2, "value": "smi"}}, {"pk": 379, "model": "usginvalid.validvalue", "fields": {"set": 2, "value": "smj"}}, {"pk": 380, "model": "usginvalid.validvalue", "fields": {"set": 2, "value": "smn"}}, {"pk": 381, "model": "usginvalid.validvalue", "fields": {"set": 2, "value": "smo"}}, {"pk": 382, "model": "usginvalid.validvalue", "fields": {"set": 2, "value": "sms"}}, {"pk": 383, "model": "usginvalid.validvalue", "fields": {"set": 2, "value": "sna"}}, {"pk": 384, "model": "usginvalid.validvalue", "fields": {"set": 2, "value": "snd"}}, {"pk": 385, "model": "usginvalid.validvalue", "fields": {"set": 2, "value": "snk"}}, {"pk": 513, "model": "usginvalid.validvalue", "fields": {"set": 4, "value": "software"}}, {"pk": 386, "model": "usginvalid.validvalue", "fields": {"set": 2, "value": "sog"}}, {"pk": 387, "model": "usginvalid.validvalue", "fields": {"set": 2, "value": "som"}}, {"pk": 388, "model": "usginvalid.validvalue", "fields": {"set": 2, "value": "son"}}, {"pk": 389, "model": "usginvalid.validvalue", "fields": {"set": 2, "value": "sot"}}, {"pk": 390, "model": "usginvalid.validvalue", "fields": {"set": 2, "value": "spa"}}, {"pk": 391, "model": "usginvalid.validvalue", "fields": {"set": 2, "value": "srd"}}, {"pk": 392, "model": "usginvalid.validvalue", "fields": {"set": 2, "value": "srn"}}, {"pk": 393, "model": "usginvalid.validvalue", "fields": {"set": 2, "value": "srp"}}, {"pk": 394, "model": "usginvalid.validvalue", "fields": {"set": 2, "value": "srr"}}, {"pk": 395, "model": "usginvalid.validvalue", "fields": {"set": 2, "value": "ssa"}}, {"pk": 396, "model": "usginvalid.validvalue", "fields": {"set": 2, "value": "ssw"}}, {"pk": 397, "model": "usginvalid.validvalue", "fields": {"set": 2, "value": "suk"}}, {"pk": 398, "model": "usginvalid.validvalue", "fields": {"set": 2, "value": "sun"}}, {"pk": 399, "model": "usginvalid.validvalue", "fields": {"set": 2, "value": "sus"}}, {"pk": 400, "model": "usginvalid.validvalue", "fields": {"set": 2, "value": "sux"}}, {"pk": 401, "model": "usginvalid.validvalue", "fields": {"set": 2, "value": "swa"}}, {"pk": 402, "model": "usginvalid.validvalue", "fields": {"set": 2, "value": "swe"}}, {"pk": 403, "model": "usginvalid.validvalue", "fields": {"set": 2, "value": "syc"}}, {"pk": 404, "model": "usginvalid.validvalue", "fields": {"set": 2, "value": "syr"}}, {"pk": 405, "model": "usginvalid.validvalue", "fields": {"set": 2, "value": "tah"}}, {"pk": 406, "model": "usginvalid.validvalue", "fields": {"set": 2, "value": "tai"}}, {"pk": 407, "model": "usginvalid.validvalue", "fields": {"set": 2, "value": "tam"}}, {"pk": 408, "model": "usginvalid.validvalue", "fields": {"set": 2, "value": "tat"}}, {"pk": 409, "model": "usginvalid.validvalue", "fields": {"set": 2, "value": "tel"}}, {"pk": 410, "model": "usginvalid.validvalue", "fields": {"set": 2, "value": "tem"}}, {"pk": 411, "model": "usginvalid.validvalue", "fields": {"set": 2, "value": "ter"}}, {"pk": 412, "model": "usginvalid.validvalue", "fields": {"set": 2, "value": "tet"}}, {"pk": 413, "model": "usginvalid.validvalue", "fields": {"set": 2, "value": "tgk"}}, {"pk": 414, "model": "usginvalid.validvalue", "fields": {"set": 2, "value": "tgl"}}, {"pk": 415, "model": "usginvalid.validvalue", "fields": {"set": 2, "value": "tha"}}, {"pk": 416, "model": "usginvalid.validvalue", "fields": {"set": 2, "value": "tig"}}, {"pk": 516, "model": "usginvalid.validvalue", "fields": {"set": 4, "value": "tile"}}, {"pk": 417, "model": "usginvalid.validvalue", "fields": {"set": 2, "value": "tir"}}, {"pk": 418, "model": "usginvalid.validvalue", "fields": {"set": 2, "value": "tiv"}}, {"pk": 419, "model": "usginvalid.validvalue", "fields": {"set": 2, "value": "tkl"}}, {"pk": 420, "model": "usginvalid.validvalue", "fields": {"set": 2, "value": "tlh"}}, {"pk": 421, "model": "usginvalid.validvalue", "fields": {"set": 2, "value": "tli"}}, {"pk": 422, "model": "usginvalid.validvalue", "fields": {"set": 2, "value": "tmh"}}, {"pk": 423, "model": "usginvalid.validvalue", "fields": {"set": 2, "value": "tog"}}, {"pk": 424, "model": "usginvalid.validvalue", "fields": {"set": 2, "value": "ton"}}, {"pk": 425, "model": "usginvalid.validvalue", "fields": {"set": 2, "value": "tpi"}}, {"pk": 426, "model": "usginvalid.validvalue", "fields": {"set": 2, "value": "tsi"}}, {"pk": 427, "model": "usginvalid.validvalue", "fields": {"set": 2, "value": "tsn"}}, {"pk": 428, "model": "usginvalid.validvalue", "fields": {"set": 2, "value": "tso"}}, {"pk": 429, "model": "usginvalid.validvalue", "fields": {"set": 2, "value": "tuk"}}, {"pk": 430, "model": "usginvalid.validvalue", "fields": {"set": 2, "value": "tum"}}, {"pk": 431, "model": "usginvalid.validvalue", "fields": {"set": 2, "value": "tup"}}, {"pk": 432, "model": "usginvalid.validvalue", "fields": {"set": 2, "value": "tur"}}, {"pk": 433, "model": "usginvalid.validvalue", "fields": {"set": 2, "value": "tut"}}, {"pk": 434, "model": "usginvalid.validvalue", "fields": {"set": 2, "value": "tvl"}}, {"pk": 435, "model": "usginvalid.validvalue", "fields": {"set": 2, "value": "twi"}}, {"pk": 436, "model": "usginvalid.validvalue", "fields": {"set": 2, "value": "tyv"}}, {"pk": 473, "model": "usginvalid.validvalue", "fields": {"set": 3, "value": "ucs2"}}, {"pk": 474, "model": "usginvalid.validvalue", "fields": {"set": 3, "value": "ucs4"}}, {"pk": 437, "model": "usginvalid.validvalue", "fields": {"set": 2, "value": "udm"}}, {"pk": 438, "model": "usginvalid.validvalue", "fields": {"set": 2, "value": "uga"}}, {"pk": 439, "model": "usginvalid.validvalue", "fields": {"set": 2, "value": "uig"}}, {"pk": 440, "model": "usginvalid.validvalue", "fields": {"set": 2, "value": "ukr"}}, {"pk": 441, "model": "usginvalid.validvalue", "fields": {"set": 2, "value": "umb"}}, {"pk": 442, "model": "usginvalid.validvalue", "fields": {"set": 2, "value": "und"}}, {"pk": 546, "model": "usginvalid.validvalue", "fields": {"set": 15, "value": "underDevelopment"}}, {"pk": 443, "model": "usginvalid.validvalue", "fields": {"set": 2, "value": "urd"}}, {"pk": 496, "model": "usginvalid.validvalue", "fields": {"set": 3, "value": "usAscii"}}, {"pk": 525, "model": "usginvalid.validvalue", "fields": {"set": 9, "value": "user"}}, {"pk": 477, "model": "usginvalid.validvalue", "fields": {"set": 3, "value": "utf16"}}, {"pk": 475, "model": "usginvalid.validvalue", "fields": {"set": 3, "value": "utf7"}}, {"pk": 476, "model": "usginvalid.validvalue", "fields": {"set": 3, "value": "utf8"}}, {"pk": 444, "model": "usginvalid.validvalue", "fields": {"set": 2, "value": "uzb"}}, {"pk": 445, "model": "usginvalid.validvalue", "fields": {"set": 2, "value": "vai"}}, {"pk": 446, "model": "usginvalid.validvalue", "fields": {"set": 2, "value": "ven"}}, {"pk": 447, "model": "usginvalid.validvalue", "fields": {"set": 2, "value": "vie"}}, {"pk": 448, "model": "usginvalid.validvalue", "fields": {"set": 2, "value": "vol"}}, {"pk": 449, "model": "usginvalid.validvalue", "fields": {"set": 2, "value": "vot"}}, {"pk": 450, "model": "usginvalid.validvalue", "fields": {"set": 2, "value": "wak"}}, {"pk": 451, "model": "usginvalid.validvalue", "fields": {"set": 2, "value": "wal"}}, {"pk": 452, "model": "usginvalid.validvalue", "fields": {"set": 2, "value": "war"}}, {"pk": 453, "model": "usginvalid.validvalue", "fields": {"set": 2, "value": "was"}}, {"pk": 454, "model": "usginvalid.validvalue", "fields": {"set": 2, "value": "wen"}}, {"pk": 455, "model": "usginvalid.validvalue", "fields": {"set": 2, "value": "wln"}}, {"pk": 456, "model": "usginvalid.validvalue", "fields": {"set": 2, "value": "wol"}}, {"pk": 457, "model": "usginvalid.validvalue", "fields": {"set": 2, "value": "xal"}}, {"pk": 458, "model": "usginvalid.validvalue", "fields": {"set": 2, "value": "xho"}}, {"pk": 459, "model": "usginvalid.validvalue", "fields": {"set": 2, "value": "yao"}}, {"pk": 460, "model": "usginvalid.validvalue", "fields": {"set": 2, "value": "yap"}}, {"pk": 461, "model": "usginvalid.validvalue", "fields": {"set": 2, "value": "yid"}}, {"pk": 462, "model": "usginvalid.validvalue", "fields": {"set": 2, "value": "yor"}}, {"pk": 463, "model": "usginvalid.validvalue", "fields": {"set": 2, "value": "ypk"}}, {"pk": 464, "model": "usginvalid.validvalue", "fields": {"set": 2, "value": "zap"}}, {"pk": 465, "model": "usginvalid.validvalue", "fields": {"set": 2, "value": "zbl"}}, {"pk": 466, "model": "usginvalid.validvalue", "fields": {"set": 2, "value": "zen"}}, {"pk": 467, "model": "usginvalid.validvalue", "fields": {"set": 2, "value": "zha"}}, {"pk": 468, "model": "usginvalid.validvalue", "fields": {"set": 2, "value": "znd"}}, {"pk": 469, "model": "usginvalid.validvalue", "fields": {"set": 2, "value": "zul"}}, {"pk": 470, "model": "usginvalid.validvalue", "fields": {"set": 2, "value": "zun"}}, {"pk": 471, "model": "usginvalid.validvalue", "fields": {"set": 2, "value": "zxx"}}, {"pk": 472, "model": "usginvalid.validvalue", "fields": {"set": 2, "value": "zza"}}]